msgId,timestamp,error,modeCode,channel,connType,sa,ssa,da,dsa,wc,modeCodeVal,txRsp,txSts,rxRsp,rxSts,dw0,dw1,dw2,dw3,dw4,dw5,dw6,dw7,dw8,dw9,dw10,dw11,dw12,dw13,dw14,dw15,dw16,dw17,dw18,dw19,dw20,dw21,dw22,dw23,dw24,dw25,dw26,dw27,dw28,dw29,dw30,dw31,malicious,injected,gap,msgTime
1,1134.816478225,false,true,A,BC->RT,N/A,N/A,01,00,N/A,17,N/A,N/A,8.5,0x0800,0x0001,N/A,N/A,N/A,N/A,N/A,N/A,N/A,N/A,N/A,N/A,N/A,N/A,N/A,N/A,N/A,N/A,N/A,N/A,N/A,N/A,N/A,N/A,N/A,N/A,N/A,N/A,N/A,N/A,N/A,N/A,N/A,false,false,N/A,65
2,1134.816557225,false,true,A,BC->RT,N/A,N/A,02,00,N/A,17,N/A,N/A,8.5,0x1000,0x0001,N/A,N/A,N/A,N/A,N/A,N/A,N/A,N/A,N/A,N/A,N/A,N/A,N/A,N/A,N/A,N/A,N/A,N/A,N/A,N/A,N/A,N/A,N/A,N/A,N/A,N/A,N/A,N/A,N/A,N/A,N/A,false,false,14,65
3,1134.816636225,false,true,A,BC->RT,N/A,N/A,03,00,N/A,17,N/A,N/A,8.5,0x1800,0x0001,N/A,N/A,N/A,N/A,N/A,N/A,N/A,N/A,N/A,N/A,N/A,N/A,N/A,N/A,N/A,N/A,N/A,N/A,N/A,N/A,N/A,N/A,N/A,N/A,N/A,N/A,N/A,N/A,N/A,N/A,N/A,false,false,14,65
4,1134.816715225,false,true,A,BC->RT,N/A,N/A,04,00,N/A,17,N/A,N/A,8.5,0x2000,0x0001,N/A,N/A,N/A,N/A,N/A,N/A,N/A,N/A,N/A,N/A,N/A,N/A,N/A,N/A,N/A,N/A,N/A,N/A,N/A,N/A,N/A,N/A,N/A,N/A,N/A,N/A,N/A,N/A,N/A,N/A,N/A,false,false,14,65
5,1134.816879225,false,false,A,BC->RT,N/A,N/A,01,20,01,N/A,N/A,N/A,8.5,0x0800,0x0000,N/A,N/A,N/A,N/A,N/A,N/A,N/A,N/A,N/A,N/A,N/A,N/A,N/A,N/A,N/A,N/A,N/A,N/A,N/A,N/A,N/A,N/A,N/A,N/A,N/A,N/A,N/A,N/A,N/A,N/A,N/A,false,false,99,65
6,1134.816958225,false,false,A,BC->RT,N/A,N/A,03,20,01,N/A,N/A,N/A,8.5,0x1800,0x0000,N/A,N/A,N/A,N/A,N/A,N/A,N/A,N/A,N/A,N/A,N/A,N/A,N/A,N/A,N/A,N/A,N/A,N/A,N/A,N/A,N/A,N/A,N/A,N/A,N/A,N/A,N/A,N/A,N/A,N/A,N/A,false,false,14,65
7,1134.817037225,false,false,A,RT->BC,04,05,N/A,N/A,01,N/A,8.5,0x2000,N/A,N/A,0x0000,N/A,N/A,N/A,N/A,N/A,N/A,N/A,N/A,N/A,N/A,N/A,N/A,N/A,N/A,N/A,N/A,N/A,N/A,N/A,N/A,N/A,N/A,N/A,N/A,N/A,N/A,N/A,N/A,N/A,N/A,N/A,false,false,14,65
8,1134.817116225,false,false,A,RT->BC,01,30,N/A,N/A,32,N/A,8.5,0x0800,N/A,N/A,0x0001,0x0000,0x0000,0x0000,0x0000,0x0000,0x0000,0x0000,0x0000,0x0000,0x0000,0x0000,0x0000,0x0000,0x0000,0x0000,0x0000,0x0000,0x0000,0x0000,0x0000,0x0000,0x0000,0x0000,0x0000,0x0000,0x0000,0x0000,0x0000,0x0000,0x0000,0x0000,false,false,14,685
9,1134.817815225,false,false,A,BC->RT,N/A,N/A,03,02,02,N/A,N/A,N/A,8.5,0x1800,0x0000,0x0000,N/A,N/A,N/A,N/A,N/A,N/A,N/A,N/A,N/A,N/A,N/A,N/A,N/A,N/A,N/A,N/A,N/A,N/A,N/A,N/A,N/A,N/A,N/A,N/A,N/A,N/A,N/A,N/A,N/A,N/A,false,false,14,85
10,1134.817914225,true,false,A,RT->RT,01,01,03,01,09,N/A,0.0,0x0000,8.5,0x0800,0x1F40,0x0000,0x0250,0x0154,0x6666,0x4242,0x0000,0x42F6,0x0000,N/A,N/A,N/A,N/A,N/A,N/A,N/A,N/A,N/A,N/A,N/A,N/A,N/A,N/A,N/A,N/A,N/A,N/A,N/A,N/A,N/A,N/A,N/A,false,false,14,245
11,1134.818193725,false,false,A,RT->RT,01,01,02,02,09,N/A,8.5,0x1000,8.5,0x0800,0x1FA4,0x0000,0x0240,0x0006,0x70A4,0x4242,0x051F,0x42F6,0x0000,N/A,N/A,N/A,N/A,N/A,N/A,N/A,N/A,N/A,N/A,N/A,N/A,N/A,N/A,N/A,N/A,N/A,N/A,N/A,N/A,N/A,N/A,N/A,false,false,34,272
12,1135.066477725,false,true,A,BC->RT,N/A,N/A,01,00,N/A,17,N/A,N/A,8.5,0x0800,0x0002,N/A,N/A,N/A,N/A,N/A,N/A,N/A,N/A,N/A,N/A,N/A,N/A,N/A,N/A,N/A,N/A,N/A,N/A,N/A,N/A,N/A,N/A,N/A,N/A,N/A,N/A,N/A,N/A,N/A,N/A,N/A,false,false,248012,65
13,1135.066556725,false,true,A,BC->RT,N/A,N/A,02,00,N/A,17,N/A,N/A,8.5,0x1000,0x0002,N/A,N/A,N/A,N/A,N/A,N/A,N/A,N/A,N/A,N/A,N/A,N/A,N/A,N/A,N/A,N/A,N/A,N/A,N/A,N/A,N/A,N/A,N/A,N/A,N/A,N/A,N/A,N/A,N/A,N/A,N/A,false,false,14,65
14,1135.066635725,false,true,A,BC->RT,N/A,N/A,03,00,N/A,17,N/A,N/A,8.5,0x1800,0x0002,N/A,N/A,N/A,N/A,N/A,N/A,N/A,N/A,N/A,N/A,N/A,N/A,N/A,N/A,N/A,N/A,N/A,N/A,N/A,N/A,N/A,N/A,N/A,N/A,N/A,N/A,N/A,N/A,N/A,N/A,N/A,false,false,14,65
15,1135.066714725,false,true,A,BC->RT,N/A,N/A,04,00,N/A,17,N/A,N/A,8.5,0x2000,0x0002,N/A,N/A,N/A,N/A,N/A,N/A,N/A,N/A,N/A,N/A,N/A,N/A,N/A,N/A,N/A,N/A,N/A,N/A,N/A,N/A,N/A,N/A,N/A,N/A,N/A,N/A,N/A,N/A,N/A,N/A,N/A,false,false,14,65
16,1135.066878725,false,false,A,BC->RT,N/A,N/A,02,20,01,N/A,N/A,N/A,8.5,0x1000,0x0000,N/A,N/A,N/A,N/A,N/A,N/A,N/A,N/A,N/A,N/A,N/A,N/A,N/A,N/A,N/A,N/A,N/A,N/A,N/A,N/A,N/A,N/A,N/A,N/A,N/A,N/A,N/A,N/A,N/A,N/A,N/A,false,false,99,65
17,1135.066957725,false,false,A,BC->RT,N/A,N/A,04,20,01,N/A,N/A,N/A,8.5,0x2000,0x0000,N/A,N/A,N/A,N/A,N/A,N/A,N/A,N/A,N/A,N/A,N/A,N/A,N/A,N/A,N/A,N/A,N/A,N/A,N/A,N/A,N/A,N/A,N/A,N/A,N/A,N/A,N/A,N/A,N/A,N/A,N/A,false,false,14,65
18,1135.067036725,false,false,A,RT->BC,04,05,N/A,N/A,01,N/A,8.5,0x2000,N/A,N/A,0x0000,N/A,N/A,N/A,N/A,N/A,N/A,N/A,N/A,N/A,N/A,N/A,N/A,N/A,N/A,N/A,N/A,N/A,N/A,N/A,N/A,N/A,N/A,N/A,N/A,N/A,N/A,N/A,N/A,N/A,N/A,N/A,false,false,14,65
19,1135.067115725,false,false,A,RT->BC,02,30,N/A,N/A,20,N/A,8.5,0x1000,N/A,N/A,0x0001,0x0000,0x0000,0x0000,0x0000,0x0000,0x0000,0x0000,0x0000,0x0000,0x0000,0x0000,0x0000,0x0000,0x0000,0x0000,0x0000,0x0000,0x0000,0x0000,N/A,N/A,N/A,N/A,N/A,N/A,N/A,N/A,N/A,N/A,N/A,N/A,false,false,14,445
20,1135.067574725,false,false,A,RT->RT,01,01,03,01,09,N/A,8.5,0x1800,8.5,0x0800,0x2008,0x0000,0x0240,0x001E,0x7AE1,0x4242,0x0A3D,0x42F6,0x0000,N/A,N/A,N/A,N/A,N/A,N/A,N/A,N/A,N/A,N/A,N/A,N/A,N/A,N/A,N/A,N/A,N/A,N/A,N/A,N/A,N/A,N/A,N/A,false,false,14,272
21,1135.067860725,false,false,A,RT->RT,01,01,02,02,09,N/A,8.5,0x1000,8.5,0x0800,0x206C,0x0000,0x0240,0x0028,0x851F,0x4242,0x0F5C,0x42F6,0x0000,N/A,N/A,N/A,N/A,N/A,N/A,N/A,N/A,N/A,N/A,N/A,N/A,N/A,N/A,N/A,N/A,N/A,N/A,N/A,N/A,N/A,N/A,N/A,false,false,14,272
22,1135.316477725,false,true,A,BC->RT,N/A,N/A,01,00,N/A,17,N/A,N/A,8.5,0x0800,0x0003,N/A,N/A,N/A,N/A,N/A,N/A,N/A,N/A,N/A,N/A,N/A,N/A,N/A,N/A,N/A,N/A,N/A,N/A,N/A,N/A,N/A,N/A,N/A,N/A,N/A,N/A,N/A,N/A,N/A,N/A,N/A,false,false,248345,65
23,1135.316556725,false,true,A,BC->RT,N/A,N/A,02,00,N/A,17,N/A,N/A,8.5,0x1000,0x0003,N/A,N/A,N/A,N/A,N/A,N/A,N/A,N/A,N/A,N/A,N/A,N/A,N/A,N/A,N/A,N/A,N/A,N/A,N/A,N/A,N/A,N/A,N/A,N/A,N/A,N/A,N/A,N/A,N/A,N/A,N/A,false,false,14,65
24,1135.316635725,false,true,A,BC->RT,N/A,N/A,03,00,N/A,17,N/A,N/A,8.5,0x1800,0x0003,N/A,N/A,N/A,N/A,N/A,N/A,N/A,N/A,N/A,N/A,N/A,N/A,N/A,N/A,N/A,N/A,N/A,N/A,N/A,N/A,N/A,N/A,N/A,N/A,N/A,N/A,N/A,N/A,N/A,N/A,N/A,false,false,14,65
25,1135.316714725,false,true,A,BC->RT,N/A,N/A,04,00,N/A,17,N/A,N/A,8.5,0x2000,0x0003,N/A,N/A,N/A,N/A,N/A,N/A,N/A,N/A,N/A,N/A,N/A,N/A,N/A,N/A,N/A,N/A,N/A,N/A,N/A,N/A,N/A,N/A,N/A,N/A,N/A,N/A,N/A,N/A,N/A,N/A,N/A,false,false,14,65
26,1135.316878725,false,false,B,RT->BC,01,20,N/A,N/A,01,N/A,8.5,0x0800,N/A,N/A,0x2002,N/A,N/A,N/A,N/A,N/A,N/A,N/A,N/A,N/A,N/A,N/A,N/A,N/A,N/A,N/A,N/A,N/A,N/A,N/A,N/A,N/A,N/A,N/A,N/A,N/A,N/A,N/A,N/A,N/A,N/A,N/A,false,false,99,65
27,1135.316957725,false,false,B,RT->BC,03,20,N/A,N/A,01,N/A,8.5,0x1800,N/A,N/A,0x1001,N/A,N/A,N/A,N/A,N/A,N/A,N/A,N/A,N/A,N/A,N/A,N/A,N/A,N/A,N/A,N/A,N/A,N/A,N/A,N/A,N/A,N/A,N/A,N/A,N/A,N/A,N/A,N/A,N/A,N/A,N/A,false,false,14,65
28,1135.317036725,false,false,A,RT->BC,04,05,N/A,N/A,01,N/A,8.5,0x2000,N/A,N/A,0x0000,N/A,N/A,N/A,N/A,N/A,N/A,N/A,N/A,N/A,N/A,N/A,N/A,N/A,N/A,N/A,N/A,N/A,N/A,N/A,N/A,N/A,N/A,N/A,N/A,N/A,N/A,N/A,N/A,N/A,N/A,N/A,false,false,14,65
29,1135.317115725,false,false,A,RT->BC,03,30,N/A,N/A,32,N/A,8.5,0x1800,N/A,N/A,0x0001,0x0000,0x0000,0x0000,0x0000,0x0000,0x0000,0x0000,0x0000,0x0000,0x0000,0x0000,0x0000,0x0000,0x0000,0x0000,0x0000,0x0000,0x0000,0x0000,0x0000,0x0000,0x0000,0x0000,0x0000,0x0000,0x0000,0x0000,0x0000,0x0000,0x0000,0x0000,false,false,14,685
30,1135.317814725,false,false,A,RT->RT,01,01,03,01,09,N/A,8.5,0x1800,8.5,0x0800,0x20D0,0x0000,0x0240,0x0034,0x8F5C,0x4242,0x147B,0x42F6,0x0000,N/A,N/A,N/A,N/A,N/A,N/A,N/A,N/A,N/A,N/A,N/A,N/A,N/A,N/A,N/A,N/A,N/A,N/A,N/A,N/A,N/A,N/A,N/A,false,false,14,272
31,1135.318100725,false,false,A,RT->RT,01,01,02,02,09,N/A,8.5,0x1000,8.5,0x0800,0x2134,0x0000,0x0238,0x0040,0x999A,0x4242,0x199A,0x42F6,0x0000,N/A,N/A,N/A,N/A,N/A,N/A,N/A,N/A,N/A,N/A,N/A,N/A,N/A,N/A,N/A,N/A,N/A,N/A,N/A,N/A,N/A,N/A,N/A,false,false,14,272
32,1135.566477725,false,true,A,BC->RT,N/A,N/A,01,00,N/A,17,N/A,N/A,8.5,0x0800,0x0004,N/A,N/A,N/A,N/A,N/A,N/A,N/A,N/A,N/A,N/A,N/A,N/A,N/A,N/A,N/A,N/A,N/A,N/A,N/A,N/A,N/A,N/A,N/A,N/A,N/A,N/A,N/A,N/A,N/A,N/A,N/A,false,false,248105,65
33,1135.566556725,false,true,A,BC->RT,N/A,N/A,02,00,N/A,17,N/A,N/A,8.5,0x1000,0x0004,N/A,N/A,N/A,N/A,N/A,N/A,N/A,N/A,N/A,N/A,N/A,N/A,N/A,N/A,N/A,N/A,N/A,N/A,N/A,N/A,N/A,N/A,N/A,N/A,N/A,N/A,N/A,N/A,N/A,N/A,N/A,false,false,14,65
34,1135.566635725,false,true,A,BC->RT,N/A,N/A,03,00,N/A,17,N/A,N/A,8.5,0x1800,0x0004,N/A,N/A,N/A,N/A,N/A,N/A,N/A,N/A,N/A,N/A,N/A,N/A,N/A,N/A,N/A,N/A,N/A,N/A,N/A,N/A,N/A,N/A,N/A,N/A,N/A,N/A,N/A,N/A,N/A,N/A,N/A,false,false,14,65
35,1135.566714725,false,true,A,BC->RT,N/A,N/A,04,00,N/A,17,N/A,N/A,8.5,0x2000,0x0004,N/A,N/A,N/A,N/A,N/A,N/A,N/A,N/A,N/A,N/A,N/A,N/A,N/A,N/A,N/A,N/A,N/A,N/A,N/A,N/A,N/A,N/A,N/A,N/A,N/A,N/A,N/A,N/A,N/A,N/A,N/A,false,false,14,65
36,1135.566878725,false,false,B,RT->BC,02,20,N/A,N/A,01,N/A,8.5,0x1000,N/A,N/A,0x4004,N/A,N/A,N/A,N/A,N/A,N/A,N/A,N/A,N/A,N/A,N/A,N/A,N/A,N/A,N/A,N/A,N/A,N/A,N/A,N/A,N/A,N/A,N/A,N/A,N/A,N/A,N/A,N/A,N/A,N/A,N/A,false,false,99,65
37,1135.566957725,false,false,B,RT->BC,04,20,N/A,N/A,01,N/A,8.5,0x2000,N/A,N/A,0x0001,N/A,N/A,N/A,N/A,N/A,N/A,N/A,N/A,N/A,N/A,N/A,N/A,N/A,N/A,N/A,N/A,N/A,N/A,N/A,N/A,N/A,N/A,N/A,N/A,N/A,N/A,N/A,N/A,N/A,N/A,N/A,false,false,14,65
38,1135.567036725,false,false,A,RT->BC,04,05,N/A,N/A,01,N/A,8.5,0x2000,N/A,N/A,0x0000,N/A,N/A,N/A,N/A,N/A,N/A,N/A,N/A,N/A,N/A,N/A,N/A,N/A,N/A,N/A,N/A,N/A,N/A,N/A,N/A,N/A,N/A,N/A,N/A,N/A,N/A,N/A,N/A,N/A,N/A,N/A,false,false,14,65
39,1135.567115725,false,false,A,RT->BC,04,30,N/A,N/A,32,N/A,8.5,0x2000,N/A,N/A,0x0001,0x0000,0x0000,0x0000,0x0000,0x0000,0x0000,0x0000,0x0000,0x0000,0x0000,0x0000,0x0000,0x0000,0x0000,0x0000,0x0000,0x0000,0x0000,0x0000,0x0000,0x0000,0x0000,0x0000,0x0000,0x0000,0x0000,0x0000,0x0000,0x0000,0x0000,0x0000,false,false,14,685
40,1135.567814725,false,false,A,RT->RT,01,01,03,01,09,N/A,8.5,0x1800,8.5,0x0800,0x2198,0x0000,0x0237,0x004E,0x9EB8,0x4242,0x1EB8,0x42F6,0x0000,N/A,N/A,N/A,N/A,N/A,N/A,N/A,N/A,N/A,N/A,N/A,N/A,N/A,N/A,N/A,N/A,N/A,N/A,N/A,N/A,N/A,N/A,N/A,false,false,14,272
41,1135.568100725,false,false,A,RT->RT,01,01,02,02,09,N/A,8.5,0x1000,8.5,0x0800,0x222E,0x0000,0x0235,0x005A,0x9EB8,0x4242,0x23D7,0x42F6,0x0000,N/A,N/A,N/A,N/A,N/A,N/A,N/A,N/A,N/A,N/A,N/A,N/A,N/A,N/A,N/A,N/A,N/A,N/A,N/A,N/A,N/A,N/A,N/A,false,false,14,272
42,1135.816477725,false,false,A,RT->RT,00,20,03,20,01,N/A,8.5,0x1800,8.5,0x0000,0x3372,N/A,N/A,N/A,N/A,N/A,N/A,N/A,N/A,N/A,N/A,N/A,N/A,N/A,N/A,N/A,N/A,N/A,N/A,N/A,N/A,N/A,N/A,N/A,N/A,N/A,N/A,N/A,N/A,N/A,N/A,N/A,true,false,248105,112
43,1136.066478225,false,false,A,RT->RT,00,20,03,20,01,N/A,8.5,0x1800,8.5,0x0000,0x3372,N/A,N/A,N/A,N/A,N/A,N/A,N/A,N/A,N/A,N/A,N/A,N/A,N/A,N/A,N/A,N/A,N/A,N/A,N/A,N/A,N/A,N/A,N/A,N/A,N/A,N/A,N/A,N/A,N/A,N/A,N/A,true,false,249888,112
44,1136.316477725,false,false,A,RT->RT,00,20,03,20,01,N/A,8.5,0x1800,8.5,0x0000,0x33CE,N/A,N/A,N/A,N/A,N/A,N/A,N/A,N/A,N/A,N/A,N/A,N/A,N/A,N/A,N/A,N/A,N/A,N/A,N/A,N/A,N/A,N/A,N/A,N/A,N/A,N/A,N/A,N/A,N/A,N/A,N/A,true,false,249887,112
45,1136.566478225,false,false,A,RT->RT,00,20,03,20,01,N/A,8.5,0x1800,8.5,0x0000,0x3415,N/A,N/A,N/A,N/A,N/A,N/A,N/A,N/A,N/A,N/A,N/A,N/A,N/A,N/A,N/A,N/A,N/A,N/A,N/A,N/A,N/A,N/A,N/A,N/A,N/A,N/A,N/A,N/A,N/A,N/A,N/A,true,false,249888,112
46,1136.816477725,false,false,A,RT->RT,00,20,03,20,01,N/A,8.5,0x1800,8.5,0x0000,0x3443,N/A,N/A,N/A,N/A,N/A,N/A,N/A,N/A,N/A,N/A,N/A,N/A,N/A,N/A,N/A,N/A,N/A,N/A,N/A,N/A,N/A,N/A,N/A,N/A,N/A,N/A,N/A,N/A,N/A,N/A,N/A,true,false,249887,112
47,1137.066478225,false,false,A,RT->RT,00,20,03,20,01,N/A,8.5,0x1800,8.5,0x0000,0x3477,N/A,N/A,N/A,N/A,N/A,N/A,N/A,N/A,N/A,N/A,N/A,N/A,N/A,N/A,N/A,N/A,N/A,N/A,N/A,N/A,N/A,N/A,N/A,N/A,N/A,N/A,N/A,N/A,N/A,N/A,N/A,true,false,249888,112
48,1137.316477725,false,false,A,RT->RT,00,20,03,20,01,N/A,8.5,0x1800,8.5,0x0000,0x3477,N/A,N/A,N/A,N/A,N/A,N/A,N/A,N/A,N/A,N/A,N/A,N/A,N/A,N/A,N/A,N/A,N/A,N/A,N/A,N/A,N/A,N/A,N/A,N/A,N/A,N/A,N/A,N/A,N/A,N/A,N/A,true,false,249887,112
49,1137.566478225,false,false,A,RT->RT,00,20,03,20,01,N/A,8.5,0x1800,8.5,0x0000,0x3477,N/A,N/A,N/A,N/A,N/A,N/A,N/A,N/A,N/A,N/A,N/A,N/A,N/A,N/A,N/A,N/A,N/A,N/A,N/A,N/A,N/A,N/A,N/A,N/A,N/A,N/A,N/A,N/A,N/A,N/A,N/A,true,false,249888,112
50,1137.816477725,false,false,A,RT->RT,00,20,03,20,01,N/A,8.5,0x1800,8.5,0x0000,0x3477,N/A,N/A,N/A,N/A,N/A,N/A,N/A,N/A,N/A,N/A,N/A,N/A,N/A,N/A,N/A,N/A,N/A,N/A,N/A,N/A,N/A,N/A,N/A,N/A,N/A,N/A,N/A,N/A,N/A,N/A,N/A,true,false,249887,112
51,1138.066478225,false,false,A,RT->RT,00,20,03,20,01,N/A,8.5,0x1800,8.5,0x0000,0x3477,N/A,N/A,N/A,N/A,N/A,N/A,N/A,N/A,N/A,N/A,N/A,N/A,N/A,N/A,N/A,N/A,N/A,N/A,N/A,N/A,N/A,N/A,N/A,N/A,N/A,N/A,N/A,N/A,N/A,N/A,N/A,true,false,249888,112
52,1138.316477725,false,false,A,RT->RT,00,20,03,20,01,N/A,8.5,0x1800,8.5,0x0000,0x3477,N/A,N/A,N/A,N/A,N/A,N/A,N/A,N/A,N/A,N/A,N/A,N/A,N/A,N/A,N/A,N/A,N/A,N/A,N/A,N/A,N/A,N/A,N/A,N/A,N/A,N/A,N/A,N/A,N/A,N/A,N/A,true,false,249887,112
53,1138.566478225,false,false,A,RT->RT,00,20,03,20,01,N/A,8.5,0x1800,8.5,0x0000,0x3477,N/A,N/A,N/A,N/A,N/A,N/A,N/A,N/A,N/A,N/A,N/A,N/A,N/A,N/A,N/A,N/A,N/A,N/A,N/A,N/A,N/A,N/A,N/A,N/A,N/A,N/A,N/A,N/A,N/A,N/A,N/A,true,false,249888,112
54,1138.816477725,false,false,A,RT->RT,00,20,03,20,01,N/A,8.5,0x1800,8.5,0x0000,0x3477,N/A,N/A,N/A,N/A,N/A,N/A,N/A,N/A,N/A,N/A,N/A,N/A,N/A,N/A,N/A,N/A,N/A,N/A,N/A,N/A,N/A,N/A,N/A,N/A,N/A,N/A,N/A,N/A,N/A,N/A,N/A,true,false,249887,112
55,1139.066478225,false,false,A,RT->RT,00,20,03,20,01,N/A,8.5,0x1800,8.5,0x0000,0x3477,N/A,N/A,N/A,N/A,N/A,N/A,N/A,N/A,N/A,N/A,N/A,N/A,N/A,N/A,N/A,N/A,N/A,N/A,N/A,N/A,N/A,N/A,N/A,N/A,N/A,N/A,N/A,N/A,N/A,N/A,N/A,true,false,249888,112
56,1139.316477725,false,false,A,RT->RT,00,20,03,20,01,N/A,8.5,0x1800,8.5,0x0000,0x3477,N/A,N/A,N/A,N/A,N/A,N/A,N/A,N/A,N/A,N/A,N/A,N/A,N/A,N/A,N/A,N/A,N/A,N/A,N/A,N/A,N/A,N/A,N/A,N/A,N/A,N/A,N/A,N/A,N/A,N/A,N/A,true,false,249887,112
57,1139.566478225,false,false,A,RT->RT,00,20,03,20,01,N/A,8.5,0x1800,8.5,0x0000,0x3477,N/A,N/A,N/A,N/A,N/A,N/A,N/A,N/A,N/A,N/A,N/A,N/A,N/A,N/A,N/A,N/A,N/A,N/A,N/A,N/A,N/A,N/A,N/A,N/A,N/A,N/A,N/A,N/A,N/A,N/A,N/A,true,false,249888,112
58,1139.816477725,false,false,A,RT->RT,00,20,03,20,01,N/A,8.5,0x1800,8.5,0x0000,0x3477,N/A,N/A,N/A,N/A,N/A,N/A,N/A,N/A,N/A,N/A,N/A,N/A,N/A,N/A,N/A,N/A,N/A,N/A,N/A,N/A,N/A,N/A,N/A,N/A,N/A,N/A,N/A,N/A,N/A,N/A,N/A,true,false,249887,112
59,1140.066478225,false,false,A,RT->RT,00,20,03,20,01,N/A,8.5,0x1800,8.5,0x0000,0x3477,N/A,N/A,N/A,N/A,N/A,N/A,N/A,N/A,N/A,N/A,N/A,N/A,N/A,N/A,N/A,N/A,N/A,N/A,N/A,N/A,N/A,N/A,N/A,N/A,N/A,N/A,N/A,N/A,N/A,N/A,N/A,true,false,249888,112
60,1140.316477725,false,false,A,RT->RT,00,20,03,20,01,N/A,8.5,0x1800,8.5,0x0000,0x3477,N/A,N/A,N/A,N/A,N/A,N/A,N/A,N/A,N/A,N/A,N/A,N/A,N/A,N/A,N/A,N/A,N/A,N/A,N/A,N/A,N/A,N/A,N/A,N/A,N/A,N/A,N/A,N/A,N/A,N/A,N/A,true,false,249887,112
61,1140.566478225,false,false,A,RT->RT,00,20,03,20,01,N/A,8.5,0x1800,8.5,0x0000,0x3477,N/A,N/A,N/A,N/A,N/A,N/A,N/A,N/A,N/A,N/A,N/A,N/A,N/A,N/A,N/A,N/A,N/A,N/A,N/A,N/A,N/A,N/A,N/A,N/A,N/A,N/A,N/A,N/A,N/A,N/A,N/A,true,false,249888,112
62,1140.816477725,false,false,A,RT->RT,00,20,03,20,01,N/A,8.5,0x1800,8.5,0x0000,0x3477,N/A,N/A,N/A,N/A,N/A,N/A,N/A,N/A,N/A,N/A,N/A,N/A,N/A,N/A,N/A,N/A,N/A,N/A,N/A,N/A,N/A,N/A,N/A,N/A,N/A,N/A,N/A,N/A,N/A,N/A,N/A,true,false,249887,112
63,1141.066478225,false,false,A,RT->RT,00,20,03,20,01,N/A,8.5,0x1800,8.5,0x0000,0x3477,N/A,N/A,N/A,N/A,N/A,N/A,N/A,N/A,N/A,N/A,N/A,N/A,N/A,N/A,N/A,N/A,N/A,N/A,N/A,N/A,N/A,N/A,N/A,N/A,N/A,N/A,N/A,N/A,N/A,N/A,N/A,true,false,249888,112
64,1141.316477725,false,false,A,RT->RT,00,20,03,20,01,N/A,8.5,0x1800,8.5,0x0000,0x3477,N/A,N/A,N/A,N/A,N/A,N/A,N/A,N/A,N/A,N/A,N/A,N/A,N/A,N/A,N/A,N/A,N/A,N/A,N/A,N/A,N/A,N/A,N/A,N/A,N/A,N/A,N/A,N/A,N/A,N/A,N/A,true,false,249887,112
65,1141.566478225,false,false,A,RT->RT,00,20,03,20,01,N/A,8.5,0x1800,8.5,0x0000,0x3477,N/A,N/A,N/A,N/A,N/A,N/A,N/A,N/A,N/A,N/A,N/A,N/A,N/A,N/A,N/A,N/A,N/A,N/A,N/A,N/A,N/A,N/A,N/A,N/A,N/A,N/A,N/A,N/A,N/A,N/A,N/A,true,false,249888,112
66,1141.816477725,false,false,A,RT->RT,00,20,03,20,01,N/A,8.5,0x1800,8.5,0x0000,0x3477,N/A,N/A,N/A,N/A,N/A,N/A,N/A,N/A,N/A,N/A,N/A,N/A,N/A,N/A,N/A,N/A,N/A,N/A,N/A,N/A,N/A,N/A,N/A,N/A,N/A,N/A,N/A,N/A,N/A,N/A,N/A,true,false,249887,112
67,1142.066478225,false,false,A,RT->RT,00,20,03,20,01,N/A,8.5,0x1800,8.5,0x0000,0x3477,N/A,N/A,N/A,N/A,N/A,N/A,N/A,N/A,N/A,N/A,N/A,N/A,N/A,N/A,N/A,N/A,N/A,N/A,N/A,N/A,N/A,N/A,N/A,N/A,N/A,N/A,N/A,N/A,N/A,N/A,N/A,true,false,249888,112
68,1142.316477725,false,false,A,RT->RT,00,20,03,20,01,N/A,8.5,0x1800,8.5,0x0000,0x3477,N/A,N/A,N/A,N/A,N/A,N/A,N/A,N/A,N/A,N/A,N/A,N/A,N/A,N/A,N/A,N/A,N/A,N/A,N/A,N/A,N/A,N/A,N/A,N/A,N/A,N/A,N/A,N/A,N/A,N/A,N/A,true,false,249887,112
69,1142.566478225,false,false,A,RT->RT,00,20,03,20,01,N/A,8.5,0x1800,8.5,0x0000,0x3477,N/A,N/A,N/A,N/A,N/A,N/A,N/A,N/A,N/A,N/A,N/A,N/A,N/A,N/A,N/A,N/A,N/A,N/A,N/A,N/A,N/A,N/A,N/A,N/A,N/A,N/A,N/A,N/A,N/A,N/A,N/A,true,false,249888,112
70,1142.816477725,false,false,A,RT->RT,00,20,03,20,01,N/A,8.5,0x1800,8.5,0x0000,0x3477,N/A,N/A,N/A,N/A,N/A,N/A,N/A,N/A,N/A,N/A,N/A,N/A,N/A,N/A,N/A,N/A,N/A,N/A,N/A,N/A,N/A,N/A,N/A,N/A,N/A,N/A,N/A,N/A,N/A,N/A,N/A,true,false,249887,112
71,1143.066478225,false,false,A,RT->RT,00,20,03,20,01,N/A,8.5,0x1800,8.5,0x0000,0x3477,N/A,N/A,N/A,N/A,N/A,N/A,N/A,N/A,N/A,N/A,N/A,N/A,N/A,N/A,N/A,N/A,N/A,N/A,N/A,N/A,N/A,N/A,N/A,N/A,N/A,N/A,N/A,N/A,N/A,N/A,N/A,true,false,249888,112
72,1143.316477725,false,false,A,RT->RT,00,20,03,20,01,N/A,8.5,0x1800,8.5,0x0000,0x3477,N/A,N/A,N/A,N/A,N/A,N/A,N/A,N/A,N/A,N/A,N/A,N/A,N/A,N/A,N/A,N/A,N/A,N/A,N/A,N/A,N/A,N/A,N/A,N/A,N/A,N/A,N/A,N/A,N/A,N/A,N/A,true,false,249887,112
73,1143.566478225,false,false,A,RT->RT,00,20,03,20,01,N/A,8.5,0x1800,8.5,0x0000,0x3477,N/A,N/A,N/A,N/A,N/A,N/A,N/A,N/A,N/A,N/A,N/A,N/A,N/A,N/A,N/A,N/A,N/A,N/A,N/A,N/A,N/A,N/A,N/A,N/A,N/A,N/A,N/A,N/A,N/A,N/A,N/A,true,false,249888,112
74,1143.816477725,false,false,A,RT->RT,00,20,03,20,01,N/A,8.5,0x1800,8.5,0x0000,0x3477,N/A,N/A,N/A,N/A,N/A,N/A,N/A,N/A,N/A,N/A,N/A,N/A,N/A,N/A,N/A,N/A,N/A,N/A,N/A,N/A,N/A,N/A,N/A,N/A,N/A,N/A,N/A,N/A,N/A,N/A,N/A,true,false,249887,112
75,1144.066478225,false,false,A,RT->RT,00,20,03,20,01,N/A,8.5,0x1800,8.5,0x0000,0x3477,N/A,N/A,N/A,N/A,N/A,N/A,N/A,N/A,N/A,N/A,N/A,N/A,N/A,N/A,N/A,N/A,N/A,N/A,N/A,N/A,N/A,N/A,N/A,N/A,N/A,N/A,N/A,N/A,N/A,N/A,N/A,true,false,249888,112
76,1144.316477725,false,false,A,RT->RT,00,20,03,20,01,N/A,8.5,0x1800,8.5,0x0000,0x3477,N/A,N/A,N/A,N/A,N/A,N/A,N/A,N/A,N/A,N/A,N/A,N/A,N/A,N/A,N/A,N/A,N/A,N/A,N/A,N/A,N/A,N/A,N/A,N/A,N/A,N/A,N/A,N/A,N/A,N/A,N/A,true,false,249887,112
77,1144.566478225,false,false,A,RT->RT,00,20,03,20,01,N/A,8.5,0x1800,8.5,0x0000,0x3477,N/A,N/A,N/A,N/A,N/A,N/A,N/A,N/A,N/A,N/A,N/A,N/A,N/A,N/A,N/A,N/A,N/A,N/A,N/A,N/A,N/A,N/A,N/A,N/A,N/A,N/A,N/A,N/A,N/A,N/A,N/A,true,false,249888,112
78,1144.816477725,false,false,A,RT->RT,00,20,03,20,01,N/A,8.5,0x1800,8.5,0x0000,0x3477,N/A,N/A,N/A,N/A,N/A,N/A,N/A,N/A,N/A,N/A,N/A,N/A,N/A,N/A,N/A,N/A,N/A,N/A,N/A,N/A,N/A,N/A,N/A,N/A,N/A,N/A,N/A,N/A,N/A,N/A,N/A,true,false,249887,112
79,1145.066478225,false,false,A,RT->RT,00,20,03,20,01,N/A,8.5,0x1800,8.5,0x0000,0x3477,N/A,N/A,N/A,N/A,N/A,N/A,N/A,N/A,N/A,N/A,N/A,N/A,N/A,N/A,N/A,N/A,N/A,N/A,N/A,N/A,N/A,N/A,N/A,N/A,N/A,N/A,N/A,N/A,N/A,N/A,N/A,true,false,249888,112
80,1145.316477725,false,false,A,RT->RT,00,20,03,20,01,N/A,8.5,0x1800,8.5,0x0000,0x3477,N/A,N/A,N/A,N/A,N/A,N/A,N/A,N/A,N/A,N/A,N/A,N/A,N/A,N/A,N/A,N/A,N/A,N/A,N/A,N/A,N/A,N/A,N/A,N/A,N/A,N/A,N/A,N/A,N/A,N/A,N/A,true,false,249887,112
81,1145.566478225,false,false,A,RT->RT,00,20,03,20,01,N/A,8.5,0x1800,8.5,0x0000,0x3477,N/A,N/A,N/A,N/A,N/A,N/A,N/A,N/A,N/A,N/A,N/A,N/A,N/A,N/A,N/A,N/A,N/A,N/A,N/A,N/A,N/A,N/A,N/A,N/A,N/A,N/A,N/A,N/A,N/A,N/A,N/A,true,false,249888,112
82,1145.816477725,false,false,A,RT->RT,00,20,03,20,01,N/A,8.5,0x1800,8.5,0x0000,0x3477,N/A,N/A,N/A,N/A,N/A,N/A,N/A,N/A,N/A,N/A,N/A,N/A,N/A,N/A,N/A,N/A,N/A,N/A,N/A,N/A,N/A,N/A,N/A,N/A,N/A,N/A,N/A,N/A,N/A,N/A,N/A,true,false,249887,112
83,1146.066478225,false,false,A,RT->RT,00,20,03,20,01,N/A,8.5,0x1800,8.5,0x0000,0x3477,N/A,N/A,N/A,N/A,N/A,N/A,N/A,N/A,N/A,N/A,N/A,N/A,N/A,N/A,N/A,N/A,N/A,N/A,N/A,N/A,N/A,N/A,N/A,N/A,N/A,N/A,N/A,N/A,N/A,N/A,N/A,true,false,249888,112
84,1146.316477725,false,false,A,RT->RT,00,20,03,20,01,N/A,8.5,0x1800,8.5,0x0000,0x3477,N/A,N/A,N/A,N/A,N/A,N/A,N/A,N/A,N/A,N/A,N/A,N/A,N/A,N/A,N/A,N/A,N/A,N/A,N/A,N/A,N/A,N/A,N/A,N/A,N/A,N/A,N/A,N/A,N/A,N/A,N/A,true,false,249887,112
85,1146.566478225,false,false,A,RT->RT,00,20,03,20,01,N/A,8.5,0x1800,8.5,0x0000,0x3477,N/A,N/A,N/A,N/A,N/A,N/A,N/A,N/A,N/A,N/A,N/A,N/A,N/A,N/A,N/A,N/A,N/A,N/A,N/A,N/A,N/A,N/A,N/A,N/A,N/A,N/A,N/A,N/A,N/A,N/A,N/A,true,false,249888,112
86,1146.816477725,false,false,A,RT->RT,00,20,03,20,01,N/A,8.5,0x1800,8.5,0x0000,0x3477,N/A,N/A,N/A,N/A,N/A,N/A,N/A,N/A,N/A,N/A,N/A,N/A,N/A,N/A,N/A,N/A,N/A,N/A,N/A,N/A,N/A,N/A,N/A,N/A,N/A,N/A,N/A,N/A,N/A,N/A,N/A,true,false,249887,112
87,1147.066478225,false,false,A,RT->RT,00,20,03,20,01,N/A,8.5,0x1800,8.5,0x0000,0x3477,N/A,N/A,N/A,N/A,N/A,N/A,N/A,N/A,N/A,N/A,N/A,N/A,N/A,N/A,N/A,N/A,N/A,N/A,N/A,N/A,N/A,N/A,N/A,N/A,N/A,N/A,N/A,N/A,N/A,N/A,N/A,true,false,249888,112
88,1147.316477725,false,false,A,RT->RT,00,20,03,20,01,N/A,8.5,0x1800,8.5,0x0000,0x3477,N/A,N/A,N/A,N/A,N/A,N/A,N/A,N/A,N/A,N/A,N/A,N/A,N/A,N/A,N/A,N/A,N/A,N/A,N/A,N/A,N/A,N/A,N/A,N/A,N/A,N/A,N/A,N/A,N/A,N/A,N/A,true,false,249887,112
89,1147.566478225,false,false,A,RT->RT,00,20,03,20,01,N/A,8.5,0x1800,8.5,0x0000,0x3477,N/A,N/A,N/A,N/A,N/A,N/A,N/A,N/A,N/A,N/A,N/A,N/A,N/A,N/A,N/A,N/A,N/A,N/A,N/A,N/A,N/A,N/A,N/A,N/A,N/A,N/A,N/A,N/A,N/A,N/A,N/A,true,false,249888,112
90,1147.816477725,false,false,A,RT->RT,00,20,03,20,01,N/A,8.5,0x1800,8.5,0x0000,0x3477,N/A,N/A,N/A,N/A,N/A,N/A,N/A,N/A,N/A,N/A,N/A,N/A,N/A,N/A,N/A,N/A,N/A,N/A,N/A,N/A,N/A,N/A,N/A,N/A,N/A,N/A,N/A,N/A,N/A,N/A,N/A,true,false,249887,112
91,1148.066478225,false,false,A,RT->RT,00,20,03,20,01,N/A,8.5,0x1800,8.5,0x0000,0x3477,N/A,N/A,N/A,N/A,N/A,N/A,N/A,N/A,N/A,N/A,N/A,N/A,N/A,N/A,N/A,N/A,N/A,N/A,N/A,N/A,N/A,N/A,N/A,N/A,N/A,N/A,N/A,N/A,N/A,N/A,N/A,true,false,249888,112
92,1148.316477725,false,false,A,RT->RT,00,20,03,20,01,N/A,8.5,0x1800,8.5,0x0000,0x3477,N/A,N/A,N/A,N/A,N/A,N/A,N/A,N/A,N/A,N/A,N/A,N/A,N/A,N/A,N/A,N/A,N/A,N/A,N/A,N/A,N/A,N/A,N/A,N/A,N/A,N/A,N/A,N/A,N/A,N/A,N/A,true,false,249887,112
93,1148.566478225,false,false,A,RT->RT,00,20,03,20,01,N/A,8.5,0x1800,8.5,0x0000,0x3477,N/A,N/A,N/A,N/A,N/A,N/A,N/A,N/A,N/A,N/A,N/A,N/A,N/A,N/A,N/A,N/A,N/A,N/A,N/A,N/A,N/A,N/A,N/A,N/A,N/A,N/A,N/A,N/A,N/A,N/A,N/A,true,false,249888,112
94,1148.816477725,false,false,A,RT->RT,00,20,03,20,01,N/A,8.5,0x1800,8.5,0x0000,0x3477,N/A,N/A,N/A,N/A,N/A,N/A,N/A,N/A,N/A,N/A,N/A,N/A,N/A,N/A,N/A,N/A,N/A,N/A,N/A,N/A,N/A,N/A,N/A,N/A,N/A,N/A,N/A,N/A,N/A,N/A,N/A,true,false,249887,112
95,1149.066478225,false,false,A,RT->RT,00,20,03,20,01,N/A,8.5,0x1800,8.5,0x0000,0x3477,N/A,N/A,N/A,N/A,N/A,N/A,N/A,N/A,N/A,N/A,N/A,N/A,N/A,N/A,N/A,N/A,N/A,N/A,N/A,N/A,N/A,N/A,N/A,N/A,N/A,N/A,N/A,N/A,N/A,N/A,N/A,true,false,249888,112
96,1149.316477725,false,false,A,RT->RT,00,20,03,20,01,N/A,8.5,0x1800,8.5,0x0000,0x3477,N/A,N/A,N/A,N/A,N/A,N/A,N/A,N/A,N/A,N/A,N/A,N/A,N/A,N/A,N/A,N/A,N/A,N/A,N/A,N/A,N/A,N/A,N/A,N/A,N/A,N/A,N/A,N/A,N/A,N/A,N/A,true,false,249887,112
97,1149.566478225,false,false,A,RT->RT,00,20,03,20,01,N/A,8.5,0x1800,8.5,0x0000,0x3477,N/A,N/A,N/A,N/A,N/A,N/A,N/A,N/A,N/A,N/A,N/A,N/A,N/A,N/A,N/A,N/A,N/A,N/A,N/A,N/A,N/A,N/A,N/A,N/A,N/A,N/A,N/A,N/A,N/A,N/A,N/A,true,false,249888,112
98,1149.816477725,false,false,A,RT->RT,00,20,03,20,01,N/A,8.5,0x1800,8.5,0x0000,0x3477,N/A,N/A,N/A,N/A,N/A,N/A,N/A,N/A,N/A,N/A,N/A,N/A,N/A,N/A,N/A,N/A,N/A,N/A,N/A,N/A,N/A,N/A,N/A,N/A,N/A,N/A,N/A,N/A,N/A,N/A,N/A,true,false,249887,112
99,1150.066478225,false,false,A,RT->RT,00,20,03,20,01,N/A,8.5,0x1800,8.5,0x0000,0x3477,N/A,N/A,N/A,N/A,N/A,N/A,N/A,N/A,N/A,N/A,N/A,N/A,N/A,N/A,N/A,N/A,N/A,N/A,N/A,N/A,N/A,N/A,N/A,N/A,N/A,N/A,N/A,N/A,N/A,N/A,N/A,true,false,249888,112
100,1150.316477725,false,false,A,RT->RT,00,20,03,20,01,N/A,8.5,0x1800,8.5,0x0000,0x3477,N/A,N/A,N/A,N/A,N/A,N/A,N/A,N/A,N/A,N/A,N/A,N/A,N/A,N/A,N/A,N/A,N/A,N/A,N/A,N/A,N/A,N/A,N/A,N/A,N/A,N/A,N/A,N/A,N/A,N/A,N/A,true,false,249887,112
101,1150.566478225,false,false,A,RT->RT,00,20,03,20,01,N/A,8.5,0x1800,8.5,0x0000,0x3477,N/A,N/A,N/A,N/A,N/A,N/A,N/A,N/A,N/A,N/A,N/A,N/A,N/A,N/A,N/A,N/A,N/A,N/A,N/A,N/A,N/A,N/A,N/A,N/A,N/A,N/A,N/A,N/A,N/A,N/A,N/A,true,false,249888,112
102,1150.816477725,false,false,A,RT->RT,00,20,03,20,01,N/A,8.5,0x1800,8.5,0x0000,0x3477,N/A,N/A,N/A,N/A,N/A,N/A,N/A,N/A,N/A,N/A,N/A,N/A,N/A,N/A,N/A,N/A,N/A,N/A,N/A,N/A,N/A,N/A,N/A,N/A,N/A,N/A,N/A,N/A,N/A,N/A,N/A,true,false,249887,112
103,1151.066478225,false,false,A,RT->RT,00,20,03,20,01,N/A,8.5,0x1800,8.5,0x0000,0x3477,N/A,N/A,N/A,N/A,N/A,N/A,N/A,N/A,N/A,N/A,N/A,N/A,N/A,N/A,N/A,N/A,N/A,N/A,N/A,N/A,N/A,N/A,N/A,N/A,N/A,N/A,N/A,N/A,N/A,N/A,N/A,true,false,249888,112
104,1151.316477725,false,false,A,RT->RT,00,20,03,20,01,N/A,8.5,0x1800,8.5,0x0000,0x3477,N/A,N/A,N/A,N/A,N/A,N/A,N/A,N/A,N/A,N/A,N/A,N/A,N/A,N/A,N/A,N/A,N/A,N/A,N/A,N/A,N/A,N/A,N/A,N/A,N/A,N/A,N/A,N/A,N/A,N/A,N/A,true,false,249887,112
105,1151.566478225,false,false,A,RT->RT,00,20,03,20,01,N/A,8.5,0x1800,8.5,0x0000,0x3477,N/A,N/A,N/A,N/A,N/A,N/A,N/A,N/A,N/A,N/A,N/A,N/A,N/A,N/A,N/A,N/A,N/A,N/A,N/A,N/A,N/A,N/A,N/A,N/A,N/A,N/A,N/A,N/A,N/A,N/A,N/A,true,false,249888,112
106,1151.816477725,false,false,A,RT->RT,00,20,03,20,01,N/A,8.5,0x1800,8.5,0x0000,0x3477,N/A,N/A,N/A,N/A,N/A,N/A,N/A,N/A,N/A,N/A,N/A,N/A,N/A,N/A,N/A,N/A,N/A,N/A,N/A,N/A,N/A,N/A,N/A,N/A,N/A,N/A,N/A,N/A,N/A,N/A,N/A,true,false,249887,112
107,1152.066478225,false,false,A,RT->RT,00,20,03,20,01,N/A,8.5,0x1800,8.5,0x0000,0x3477,N/A,N/A,N/A,N/A,N/A,N/A,N/A,N/A,N/A,N/A,N/A,N/A,N/A,N/A,N/A,N/A,N/A,N/A,N/A,N/A,N/A,N/A,N/A,N/A,N/A,N/A,N/A,N/A,N/A,N/A,N/A,true,false,249888,112
108,1152.316477725,false,false,A,RT->RT,00,20,03,20,01,N/A,8.5,0x1800,8.5,0x0000,0x3477,N/A,N/A,N/A,N/A,N/A,N/A,N/A,N/A,N/A,N/A,N/A,N/A,N/A,N/A,N/A,N/A,N/A,N/A,N/A,N/A,N/A,N/A,N/A,N/A,N/A,N/A,N/A,N/A,N/A,N/A,N/A,true,false,249887,112
109,1152.566478225,false,false,A,RT->RT,00,20,03,20,01,N/A,8.5,0x1800,8.5,0x0000,0x3477,N/A,N/A,N/A,N/A,N/A,N/A,N/A,N/A,N/A,N/A,N/A,N/A,N/A,N/A,N/A,N/A,N/A,N/A,N/A,N/A,N/A,N/A,N/A,N/A,N/A,N/A,N/A,N/A,N/A,N/A,N/A,true,false,249888,112
110,1152.816477725,false,false,A,RT->RT,00,20,03,20,01,N/A,8.5,0x1800,8.5,0x0000,0x3477,N/A,N/A,N/A,N/A,N/A,N/A,N/A,N/A,N/A,N/A,N/A,N/A,N/A,N/A,N/A,N/A,N/A,N/A,N/A,N/A,N/A,N/A,N/A,N/A,N/A,N/A,N/A,N/A,N/A,N/A,N/A,true,false,249887,112
111,1153.066478225,false,false,A,RT->RT,00,20,03,20,01,N/A,8.5,0x1800,8.5,0x0000,0x3477,N/A,N/A,N/A,N/A,N/A,N/A,N/A,N/A,N/A,N/A,N/A,N/A,N/A,N/A,N/A,N/A,N/A,N/A,N/A,N/A,N/A,N/A,N/A,N/A,N/A,N/A,N/A,N/A,N/A,N/A,N/A,true,false,249888,112
112,1153.316477725,false,false,A,RT->RT,00,20,03,20,01,N/A,8.5,0x1800,8.5,0x0000,0x3477,N/A,N/A,N/A,N/A,N/A,N/A,N/A,N/A,N/A,N/A,N/A,N/A,N/A,N/A,N/A,N/A,N/A,N/A,N/A,N/A,N/A,N/A,N/A,N/A,N/A,N/A,N/A,N/A,N/A,N/A,N/A,true,false,249887,112
113,1153.566478225,false,false,A,RT->RT,00,20,03,20,01,N/A,8.5,0x1800,8.5,0x0000,0x3477,N/A,N/A,N/A,N/A,N/A,N/A,N/A,N/A,N/A,N/A,N/A,N/A,N/A,N/A,N/A,N/A,N/A,N/A,N/A,N/A,N/A,N/A,N/A,N/A,N/A,N/A,N/A,N/A,N/A,N/A,N/A,true,false,249888,112
114,1153.816477725,false,false,A,RT->RT,00,20,03,20,01,N/A,8.5,0x1800,8.5,0x0000,0x3477,N/A,N/A,N/A,N/A,N/A,N/A,N/A,N/A,N/A,N/A,N/A,N/A,N/A,N/A,N/A,N/A,N/A,N/A,N/A,N/A,N/A,N/A,N/A,N/A,N/A,N/A,N/A,N/A,N/A,N/A,N/A,true,false,249887,112
115,1154.066478225,false,false,A,RT->RT,00,20,03,20,01,N/A,8.5,0x1800,8.5,0x0000,0x3477,N/A,N/A,N/A,N/A,N/A,N/A,N/A,N/A,N/A,N/A,N/A,N/A,N/A,N/A,N/A,N/A,N/A,N/A,N/A,N/A,N/A,N/A,N/A,N/A,N/A,N/A,N/A,N/A,N/A,N/A,N/A,true,false,249888,112
116,1154.316477725,false,false,A,RT->RT,00,20,03,20,01,N/A,8.5,0x1800,8.5,0x0000,0x3477,N/A,N/A,N/A,N/A,N/A,N/A,N/A,N/A,N/A,N/A,N/A,N/A,N/A,N/A,N/A,N/A,N/A,N/A,N/A,N/A,N/A,N/A,N/A,N/A,N/A,N/A,N/A,N/A,N/A,N/A,N/A,true,false,249887,112
117,1154.566478225,false,false,A,RT->RT,00,20,03,20,01,N/A,8.5,0x1800,8.5,0x0000,0x3477,N/A,N/A,N/A,N/A,N/A,N/A,N/A,N/A,N/A,N/A,N/A,N/A,N/A,N/A,N/A,N/A,N/A,N/A,N/A,N/A,N/A,N/A,N/A,N/A,N/A,N/A,N/A,N/A,N/A,N/A,N/A,true,false,249888,112
118,1154.816477725,false,false,A,RT->RT,00,20,03,20,01,N/A,8.5,0x1800,8.5,0x0000,0x3477,N/A,N/A,N/A,N/A,N/A,N/A,N/A,N/A,N/A,N/A,N/A,N/A,N/A,N/A,N/A,N/A,N/A,N/A,N/A,N/A,N/A,N/A,N/A,N/A,N/A,N/A,N/A,N/A,N/A,N/A,N/A,true,false,249887,112
119,1155.066478225,false,false,A,RT->RT,00,20,03,20,01,N/A,8.5,0x1800,8.5,0x0000,0x3477,N/A,N/A,N/A,N/A,N/A,N/A,N/A,N/A,N/A,N/A,N/A,N/A,N/A,N/A,N/A,N/A,N/A,N/A,N/A,N/A,N/A,N/A,N/A,N/A,N/A,N/A,N/A,N/A,N/A,N/A,N/A,true,false,249888,112
120,1155.316477725,false,false,A,RT->RT,00,20,03,20,01,N/A,8.5,0x1800,8.5,0x0000,0x3477,N/A,N/A,N/A,N/A,N/A,N/A,N/A,N/A,N/A,N/A,N/A,N/A,N/A,N/A,N/A,N/A,N/A,N/A,N/A,N/A,N/A,N/A,N/A,N/A,N/A,N/A,N/A,N/A,N/A,N/A,N/A,true,false,249887,112
121,1155.566478225,false,false,A,RT->RT,00,20,03,20,01,N/A,8.5,0x1800,8.5,0x0000,0x3477,N/A,N/A,N/A,N/A,N/A,N/A,N/A,N/A,N/A,N/A,N/A,N/A,N/A,N/A,N/A,N/A,N/A,N/A,N/A,N/A,N/A,N/A,N/A,N/A,N/A,N/A,N/A,N/A,N/A,N/A,N/A,true,false,249888,112
122,1155.816477725,false,false,A,RT->RT,00,20,03,20,01,N/A,8.5,0x1800,8.5,0x0000,0x3477,N/A,N/A,N/A,N/A,N/A,N/A,N/A,N/A,N/A,N/A,N/A,N/A,N/A,N/A,N/A,N/A,N/A,N/A,N/A,N/A,N/A,N/A,N/A,N/A,N/A,N/A,N/A,N/A,N/A,N/A,N/A,true,false,249887,112
123,1156.066478225,false,false,A,RT->RT,00,20,03,20,01,N/A,8.5,0x1800,8.5,0x0000,0x3477,N/A,N/A,N/A,N/A,N/A,N/A,N/A,N/A,N/A,N/A,N/A,N/A,N/A,N/A,N/A,N/A,N/A,N/A,N/A,N/A,N/A,N/A,N/A,N/A,N/A,N/A,N/A,N/A,N/A,N/A,N/A,true,false,249888,112
124,1156.316477725,false,false,A,RT->RT,00,20,03,20,01,N/A,8.5,0x1800,8.5,0x0000,0x3477,N/A,N/A,N/A,N/A,N/A,N/A,N/A,N/A,N/A,N/A,N/A,N/A,N/A,N/A,N/A,N/A,N/A,N/A,N/A,N/A,N/A,N/A,N/A,N/A,N/A,N/A,N/A,N/A,N/A,N/A,N/A,true,false,249887,112
125,1156.566478225,false,false,A,RT->RT,00,20,03,20,01,N/A,8.5,0x1800,8.5,0x0000,0x3477,N/A,N/A,N/A,N/A,N/A,N/A,N/A,N/A,N/A,N/A,N/A,N/A,N/A,N/A,N/A,N/A,N/A,N/A,N/A,N/A,N/A,N/A,N/A,N/A,N/A,N/A,N/A,N/A,N/A,N/A,N/A,true,false,249888,112
126,1156.816477725,false,false,A,RT->RT,00,20,03,20,01,N/A,8.5,0x1800,8.5,0x0000,0x3477,N/A,N/A,N/A,N/A,N/A,N/A,N/A,N/A,N/A,N/A,N/A,N/A,N/A,N/A,N/A,N/A,N/A,N/A,N/A,N/A,N/A,N/A,N/A,N/A,N/A,N/A,N/A,N/A,N/A,N/A,N/A,true,false,249887,112
127,1157.066478225,false,false,A,RT->RT,00,20,03,20,01,N/A,8.5,0x1800,8.5,0x0000,0x3477,N/A,N/A,N/A,N/A,N/A,N/A,N/A,N/A,N/A,N/A,N/A,N/A,N/A,N/A,N/A,N/A,N/A,N/A,N/A,N/A,N/A,N/A,N/A,N/A,N/A,N/A,N/A,N/A,N/A,N/A,N/A,true,false,249888,112
128,1157.316477725,false,false,A,RT->RT,00,20,03,20,01,N/A,8.5,0x1800,8.5,0x0000,0x3477,N/A,N/A,N/A,N/A,N/A,N/A,N/A,N/A,N/A,N/A,N/A,N/A,N/A,N/A,N/A,N/A,N/A,N/A,N/A,N/A,N/A,N/A,N/A,N/A,N/A,N/A,N/A,N/A,N/A,N/A,N/A,true,false,249887,112
129,1157.566478225,false,false,A,RT->RT,00,20,03,20,01,N/A,8.5,0x1800,8.5,0x0000,0x3477,N/A,N/A,N/A,N/A,N/A,N/A,N/A,N/A,N/A,N/A,N/A,N/A,N/A,N/A,N/A,N/A,N/A,N/A,N/A,N/A,N/A,N/A,N/A,N/A,N/A,N/A,N/A,N/A,N/A,N/A,N/A,true,false,249888,112
130,1157.816477725,false,false,A,RT->RT,00,20,03,20,01,N/A,8.5,0x1800,8.5,0x0000,0x3477,N/A,N/A,N/A,N/A,N/A,N/A,N/A,N/A,N/A,N/A,N/A,N/A,N/A,N/A,N/A,N/A,N/A,N/A,N/A,N/A,N/A,N/A,N/A,N/A,N/A,N/A,N/A,N/A,N/A,N/A,N/A,true,false,249887,112
131,1158.066478225,false,false,A,RT->RT,00,20,03,20,01,N/A,8.5,0x1800,8.5,0x0000,0x3477,N/A,N/A,N/A,N/A,N/A,N/A,N/A,N/A,N/A,N/A,N/A,N/A,N/A,N/A,N/A,N/A,N/A,N/A,N/A,N/A,N/A,N/A,N/A,N/A,N/A,N/A,N/A,N/A,N/A,N/A,N/A,true,false,249888,112
132,1158.316477725,false,false,A,RT->RT,00,20,03,20,01,N/A,8.5,0x1800,8.5,0x0000,0x3477,N/A,N/A,N/A,N/A,N/A,N/A,N/A,N/A,N/A,N/A,N/A,N/A,N/A,N/A,N/A,N/A,N/A,N/A,N/A,N/A,N/A,N/A,N/A,N/A,N/A,N/A,N/A,N/A,N/A,N/A,N/A,true,false,249887,112
133,1158.566478225,false,false,A,RT->RT,00,20,03,20,01,N/A,8.5,0x1800,8.5,0x0000,0x3477,N/A,N/A,N/A,N/A,N/A,N/A,N/A,N/A,N/A,N/A,N/A,N/A,N/A,N/A,N/A,N/A,N/A,N/A,N/A,N/A,N/A,N/A,N/A,N/A,N/A,N/A,N/A,N/A,N/A,N/A,N/A,true,false,249888,112
134,1158.816477725,false,false,A,RT->RT,00,20,03,20,01,N/A,8.5,0x1800,8.5,0x0000,0x3477,N/A,N/A,N/A,N/A,N/A,N/A,N/A,N/A,N/A,N/A,N/A,N/A,N/A,N/A,N/A,N/A,N/A,N/A,N/A,N/A,N/A,N/A,N/A,N/A,N/A,N/A,N/A,N/A,N/A,N/A,N/A,true,false,249887,112
135,1159.066478225,false,false,A,RT->RT,00,20,03,20,01,N/A,8.5,0x1800,8.5,0x0000,0x3477,N/A,N/A,N/A,N/A,N/A,N/A,N/A,N/A,N/A,N/A,N/A,N/A,N/A,N/A,N/A,N/A,N/A,N/A,N/A,N/A,N/A,N/A,N/A,N/A,N/A,N/A,N/A,N/A,N/A,N/A,N/A,true,false,249888,112
136,1159.316477725,false,false,A,RT->RT,00,20,03,20,01,N/A,8.5,0x1800,8.5,0x0000,0x3477,N/A,N/A,N/A,N/A,N/A,N/A,N/A,N/A,N/A,N/A,N/A,N/A,N/A,N/A,N/A,N/A,N/A,N/A,N/A,N/A,N/A,N/A,N/A,N/A,N/A,N/A,N/A,N/A,N/A,N/A,N/A,true,false,249887,112
137,1159.566478225,false,false,A,RT->RT,00,20,03,20,01,N/A,8.5,0x1800,8.5,0x0000,0x3477,N/A,N/A,N/A,N/A,N/A,N/A,N/A,N/A,N/A,N/A,N/A,N/A,N/A,N/A,N/A,N/A,N/A,N/A,N/A,N/A,N/A,N/A,N/A,N/A,N/A,N/A,N/A,N/A,N/A,N/A,N/A,true,false,249888,112
138,1159.816477725,false,false,A,RT->RT,00,20,03,20,01,N/A,8.5,0x1800,8.5,0x0000,0x3477,N/A,N/A,N/A,N/A,N/A,N/A,N/A,N/A,N/A,N/A,N/A,N/A,N/A,N/A,N/A,N/A,N/A,N/A,N/A,N/A,N/A,N/A,N/A,N/A,N/A,N/A,N/A,N/A,N/A,N/A,N/A,true,false,249887,112
139,1160.066478225,false,false,A,RT->RT,00,20,03,20,01,N/A,8.5,0x1800,8.5,0x0000,0x3477,N/A,N/A,N/A,N/A,N/A,N/A,N/A,N/A,N/A,N/A,N/A,N/A,N/A,N/A,N/A,N/A,N/A,N/A,N/A,N/A,N/A,N/A,N/A,N/A,N/A,N/A,N/A,N/A,N/A,N/A,N/A,true,false,249888,112
140,1160.316477725,false,false,A,RT->RT,00,20,03,20,01,N/A,8.5,0x1800,8.5,0x0000,0x3477,N/A,N/A,N/A,N/A,N/A,N/A,N/A,N/A,N/A,N/A,N/A,N/A,N/A,N/A,N/A,N/A,N/A,N/A,N/A,N/A,N/A,N/A,N/A,N/A,N/A,N/A,N/A,N/A,N/A,N/A,N/A,true,false,249887,112
141,1160.566478225,false,false,A,RT->RT,00,20,03,20,01,N/A,8.5,0x1800,8.5,0x0000,0x3477,N/A,N/A,N/A,N/A,N/A,N/A,N/A,N/A,N/A,N/A,N/A,N/A,N/A,N/A,N/A,N/A,N/A,N/A,N/A,N/A,N/A,N/A,N/A,N/A,N/A,N/A,N/A,N/A,N/A,N/A,N/A,true,false,249888,112
142,1160.816477725,false,false,A,RT->RT,00,20,03,20,01,N/A,8.5,0x1800,8.5,0x0000,0x3477,N/A,N/A,N/A,N/A,N/A,N/A,N/A,N/A,N/A,N/A,N/A,N/A,N/A,N/A,N/A,N/A,N/A,N/A,N/A,N/A,N/A,N/A,N/A,N/A,N/A,N/A,N/A,N/A,N/A,N/A,N/A,true,false,249887,112
143,1161.066478225,false,false,A,RT->RT,00,20,03,20,01,N/A,8.5,0x1800,8.5,0x0000,0x3477,N/A,N/A,N/A,N/A,N/A,N/A,N/A,N/A,N/A,N/A,N/A,N/A,N/A,N/A,N/A,N/A,N/A,N/A,N/A,N/A,N/A,N/A,N/A,N/A,N/A,N/A,N/A,N/A,N/A,N/A,N/A,true,false,249888,112
144,1161.316477725,false,false,A,RT->RT,00,20,03,20,01,N/A,8.5,0x1800,8.5,0x0000,0x3477,N/A,N/A,N/A,N/A,N/A,N/A,N/A,N/A,N/A,N/A,N/A,N/A,N/A,N/A,N/A,N/A,N/A,N/A,N/A,N/A,N/A,N/A,N/A,N/A,N/A,N/A,N/A,N/A,N/A,N/A,N/A,true,false,249887,112
145,1161.566478225,false,false,A,RT->RT,00,20,03,20,01,N/A,8.5,0x1800,8.5,0x0000,0x3477,N/A,N/A,N/A,N/A,N/A,N/A,N/A,N/A,N/A,N/A,N/A,N/A,N/A,N/A,N/A,N/A,N/A,N/A,N/A,N/A,N/A,N/A,N/A,N/A,N/A,N/A,N/A,N/A,N/A,N/A,N/A,true,false,249888,112
146,1161.816477725,false,false,A,RT->RT,00,20,03,20,01,N/A,8.5,0x1800,8.5,0x0000,0x3477,N/A,N/A,N/A,N/A,N/A,N/A,N/A,N/A,N/A,N/A,N/A,N/A,N/A,N/A,N/A,N/A,N/A,N/A,N/A,N/A,N/A,N/A,N/A,N/A,N/A,N/A,N/A,N/A,N/A,N/A,N/A,true,false,249887,112
147,1162.066478225,false,false,A,RT->RT,00,20,03,20,01,N/A,8.5,0x1800,8.5,0x0000,0x3477,N/A,N/A,N/A,N/A,N/A,N/A,N/A,N/A,N/A,N/A,N/A,N/A,N/A,N/A,N/A,N/A,N/A,N/A,N/A,N/A,N/A,N/A,N/A,N/A,N/A,N/A,N/A,N/A,N/A,N/A,N/A,true,false,249888,112
148,1162.316477725,false,false,A,RT->RT,00,20,03,20,01,N/A,8.5,0x1800,8.5,0x0000,0x3477,N/A,N/A,N/A,N/A,N/A,N/A,N/A,N/A,N/A,N/A,N/A,N/A,N/A,N/A,N/A,N/A,N/A,N/A,N/A,N/A,N/A,N/A,N/A,N/A,N/A,N/A,N/A,N/A,N/A,N/A,N/A,true,false,249887,N/A